{
  "users": [
    {
      "shortid": "553e26",
      "id": "asdf",
      "password": "$2a$08$qKr.ulhFMjcPxLlP86raYeDasj3gYxCZIU1nKYOIj4UH9nFm56fpK",
      "nickname": "Jang"
    },
    {
      "shortid": "ed6f6a",
      "id": "1234",
      "password": "$2a$08$ZXhCRhhUSa0haB1RYlNP6.CsXhsFjK9jJ1l0M4pLg7hiMqwnZCFVG",
      "nickname": "1234"
    }
  ],
  "pages": [
    {
      "id": "db58f3",
      "title": "ㅇㅅㅇ",
      "text": "asdfasdfasdfasdfasdfasdfasdfasdfasdfasdfasdf",
      "user_nickname": "Jang",
      "user_id": "asdf"
    },
    {
      "id": "8a281c",
      "title": "ㅇㅁㅇ",
      "text": "reeyertyhfgnmgm\r\nqwerqweqwerqwer\r\nqwerqwerwqer\r\nqwerrtdrfgzdfbtfdg\r\nesghsfghfdgerthyt\r\njytjfjytjtrh\r\nwefsegsegesgaesgsegesg\r\nsegesggggggggggggggggggggggggggggggggggggggg\r\ngggggggggggggggggggggggggggggggggggggggggg\r\ngggggggggggggggggggggggggggggg\r\ngggggg\r\ngggg\r\nggggg\r\nggggg\r\nggggg\r\nggggggg\r\ngggggg\r\nggggggggggggggggggggggggggggggggggggggggggggggggggg",
      "user_nickname": "1234",
      "user_id": "1234"
    },
    {
      "id": "bdb7a0",
      "title": "",
      "text": "",
      "user_nickname": "1234",
      "user_id": "1234"
    }
  ]
}